{
  "brand_name": "New Journey Global Consulting",
  "site_web": "newjourneyglobalconsulting.com",
  "address": "Sfax, Tunisie",
  "phones": [
    {
      "label": "WhatsApp / Téléphone 1",
      "number": "+216 54 101 100",
      "wa": true
    },
    {
      "label": "Téléphone 2",
      "number": "+216 55 629 627",
      "wa": false
    }
  ],
  "hours": "Lun–Ven | 9h–13h • 14h–17h",
  "social": {
    "facebook_url": "https://www.facebook.com/newjourneyglobalconsul",
    "facebook_label": "/newjourneyglobalconsul",
    "instagram_url": "https://www.instagram.com/new_journey_global_consulting/",
    "instagram_label": "@new_journey_global_consulting"
  },
  "contact": {
    "heading": "Remplissez votre profil et nous vous rappelons.",
    "sub": "Indiquez votre nom, prénom et les informations clés (âge, niveau, ville, destination, budget, rentrée).",
    "message_intro": "Bonjour New Journey Global Consulting, merci de me rappeler pour mon projet d’études à l’étranger.",
    "fields": [
      "Nom",
      "Prénom",
      "Âge + niveau d’études",
      "Ville",
      "Destination souhaitée (Canada/France/Italie)",
      "Budget approximatif",
      "Rentrée visée (Janvier/Septembre)"
    ]
  },
  "images": {
    "hero_bg": "https://images.unsplash.com/photo-1521737604893-d14cc237f11d?auto=format&fit=crop&w=1800&q=80",
    "destinations": {
      "Canada": "https://images.unsplash.com/photo-1523050854058-8df90110c9f1?auto=format&fit=crop&w=1200&q=80",
      "France": "https://images.unsplash.com/photo-1522075469751-3a6694fb2f61?auto=format&fit=crop&w=1200&q=80",
      "Italie": "https://images.unsplash.com/photo-1523580846011-d3a5bc25702b?auto=format&fit=crop&w=1200&q=80"
    }
  }
}